{"cameraMode":{"drawMode":0,"name":"Shaded","section":"Shading Mode"},"sceneLighting":false,"audioPlay":false,"sceneViewState":{"m_AlwaysRefresh":false,"showFog":true,"showSkybox":false,"showFlares":true,"showImageEffects":true,"showParticleSystems":true,"showVisualEffectGraphs":true,"m_FxEnabled":true},"in2DMode":false,"pivot":{"x":0.17123033106327058,"y":1.1716164350509644,"z":-0.22509106993675233},"rotation":{"x":0.10824784636497498,"y":0.8165423274040222,"z":-0.1628679633140564,"w":0.5433096885681152},"size":1.0896220207214356,"orthographic":false}