{"cameraMode":{"drawMode":0,"name":"Shaded","section":"Shading Mode"},"sceneLighting":false,"audioPlay":false,"sceneViewState":{"m_AlwaysRefresh":false,"showFog":true,"showSkybox":false,"showFlares":true,"showImageEffects":true,"showParticleSystems":true,"showVisualEffectGraphs":true,"m_FxEnabled":true},"in2DMode":false,"pivot":{"x":-0.0000030994415283203127,"y":0.8756042718887329,"z":-0.0006453767418861389},"rotation":{"x":0.21537813544273377,"y":-0.1441912204027176,"z":0.03123733215034008,"w":0.9656420350074768},"size":1.1786080598831177,"orthographic":false}